Область жизни,,,,,
,,,,,
Здоровье,,,,,
Мощное творчество,,,,,Здоровье
,,,,,Мощное творчество
Здоровье,,,,,Финансовая стабильность и рост
,,,,,Отдых и уход за собой
Здоровье,,,,,
,,,,,
,,,,,
Здоровье,,,,,
Финансовая стабильность и рост,,,,,
Финансовая стабильность и рост,,,,,
Финансовая стабильность и рост,,,,,
,,,,,
Здоровье,,,,,
,,,,,
,,,,,
Финансовая стабильность и рост,,,,,
Финансовая стабильность и рост,,,,,
Финансовая стабильность и рост,,,,,
,,,,,
Здоровье,,,,,
Финансовая стабильность и рост,,,,,
Финансовая стабильность и рост,,,,,
,,,,,
Здоровье,,,,,
Мощное творчество,,,,,
,,,,,
,,,,,
Здоровье,,,,,
,,,,,
,,,,,
Мощное творчество,,,,,
Финансовая стабильность и рост,,,,,
Финансовая стабильность и рост,,,,,
Финансовая стабильность и рост,,,,,
Мощное творчество,,,,,
,,,,,
Мощное творчество,,,,,
Мощное творчество,,,,,
,,,,,
Здоровье,,,,,
,,,,,
Финансовая стабильность и рост,,,,,
Мощное творчество,,,,,
,,,,,
Мощное творчество,,,,,
Финансовая стабильность и рост,,,,,
Финансовая стабильность и рост,,,,,
,,,,,
Мощное творчество,,,,,
Финансовая стабильность и рост,,,,,
,,,,,
Здоровье,,,,,
,,,,,
Финансовая стабильность и рост,,,,,
Финансовая стабильность и рост,,,,,
,,,,,
Финансовая стабильность и рост,,,,,
,,,,,
Здоровье,,,,,
,,,,,
,,,,,
Здоровье,,,,,
,,,,,
,,,,,
Финансовая стабильность и рост,,,,,
Финансовая стабильность и рост,,,,,
Финансовая стабильность и рост,,,,,
Мощное творчество,,,,,
,,,,,
Финансовая стабильность и рост,,,,,
Здоровье,,,,,
,,,,,
Финансовая стабильность и рост,,,,,
Финансовая стабильность и рост,,,,,
Финансовая стабильность и рост,,,,,
Здоровье,,,,,
,,,,,
Мощное творчество,,,,,
Финансовая стабильность и рост,,,,,
Финансовая стабильность и рост,,,,,
Финансовая стабильность и рост,,,,,
,,,,,
,,,,,
,,,,,
,,,,,
Здоровье,,,,,
,,,,,
Финансовая стабильность и рост,,,,,
Финансовая стабильность и рост,,,,,
,,,,,
Здоровье,,,,,
Мощное творчество,,,,,
Финансовая стабильность и рост,,,,,
Финансовая стабильность и рост,,,,,
Мощное творчество,,,,,
,,,,,
Здоровье,,,,,
Финансовая стабильность и рост,,,,,
Финансовая стабильность и рост,,,,,
Финансовая стабильность и рост,,,,,
,,,,,
Финансовая стабильность и рост,,,,,
Финансовая стабильность и рост,,,,,
,,,,,
Мощное творчество,,,,,
Финансовая стабильность и рост,,,,,
,,,,,
Финансовая стабильность и рост,,,,,
Финансовая стабильность и рост,,,,,
Финансовая стабильность и рост,,,,,
,,,,,
Отдых и уход за собой,,,,,
Финансовая стабильность и рост,,,,,
,,,,,
Финансовая стабильность и рост,,,,,
Мощное творчество,,,,,
Финансовая стабильность и рост,,,,,
,,,,,
Отдых и уход за собой,,,,,
Финансовая стабильность и рост,,,,,
,,,,,
,,,,,
Здоровье,,,,,
,,,,,
Финансовая стабильность и рост,,,,,
Отдых и уход за собой,,,,,
Финансовая стабильность и рост,,,,,
,,,,,
,,,,,
Здоровье,,,,,
Финансовая стабильность и рост,,,,,
Отдых и уход за собой,,,,,
Отдых и уход за собой,,,,,
Финансовая стабильность и рост,,,,,
Мощное творчество,,,,,
,,,,,
Финансовая стабильность и рост,,,,,
Финансовая стабильность и рост,,,,,
Финансовая стабильность и рост,,,,,
Финансовая стабильность и рост,,,,,
Финансовая стабильность и рост,,,,,
Здоровье,,,,,
,,,,,
,,,,,
Финансовая стабильность и рост,,,,,
Финансовая стабильность и рост,,,,,
Финансовая стабильность и рост,,,,,
,,,,,
Мощное творчество,,,,,
Финансовая стабильность и рост,,,,,
Финансовая стабильность и рост,,,,,
,,,,,
,,,,,
,,,,,
Здоровье,,,,,
Финансовая стабильность и рост,,,,,
Мощное творчество,,,,,
Финансовая стабильность и рост,,,,,
,,,,,
Отдых и уход за собой,,,,,
Здоровье,,,,,
,,,,,
,,,,,
,,,,,
Отдых и уход за собой,,,,,
Финансовая стабильность и рост,,,,,
Финансовая стабильность и рост,,,,,
Мощное творчество,,,,,
Финансовая стабильность и рост,,,,,
,,,,,
,,,,,
Здоровье,,,,,
Финансовая стабильность и рост,,,,,
Здоровье,,,,,
Финансовая стабильность и рост,,,,,
,,,,,
Отдых и уход за собой,,,,,
Здоровье,,,,,
Здоровье,,,,,
,,,,,
Отдых и уход за собой,,,,,
Отдых и уход за собой,,,,,
Отдых и уход за собой,,,,,
Отдых и уход за собой,,,,,
Отдых и уход за собой,,,,,
Отдых и уход за собой,,,,,
Отдых и уход за собой,,,,,
,,,,,
Отдых и уход за собой,,,,,
Отдых и уход за собой,,,,,
Финансовая стабильность и рост,,,,,
Отдых и уход за собой,,,,,
,,,,,
Отдых и уход за собой,,,,,
,,,,,
Здоровье,,,,,
,,,,,
Отдых и уход за собой,,,,,
,,,,,
Отдых и уход за собой,,,,,
Отдых и уход за собой,,,,,
Отдых и уход за собой,,,,,
,,,,,
Здоровье,,,,,
Отдых и уход за собой,,,,,
Отдых и уход за собой,,,,,
,,,,,
Отдых и уход за собой,,,,,
Отдых и уход за собой,,,,,
,,,,,
Здоровье,,,,,
,,,,,
Отдых и уход за собой,,,,,
Отдых и уход за собой,,,,,
,,,,,
Отдых и уход за собой,,,,,
,,,,,
Здоровье,,,,,
Отдых и уход за собой,,,,,
,,,,,
Финансовая стабильность и рост,,,,,
Отдых и уход за собой,,,,,
,,,,,
,,,,,
Здоровье,,,,,
,,,,,
,,,,,
Отдых и уход за собой,,,,,
Финансовая стабильность и рост,,,,,
Финансовая стабильность и рост,,,,,
,,,,,
Отдых и уход за собой,,,,,
Отдых и уход за собой,,,,,
Отдых и уход за собой,,,,,
,,,,,
,,,,,
Отдых и уход за собой,,,,,
,,,,,
,,,,,
Отдых и уход за собой,,,,,
,,,,,
Мощное творчество,,,,,
,,,,,
Отдых и уход за собой,,,,,
Отдых и уход за собой,,,,,
Отдых и уход за собой,,,,,
Отдых и уход за собой,,,,,
,,,,,
,,,,,
Отдых и уход за собой,,,,,
,,,,,
Отдых и уход за собой,,,,,
Отдых и уход за собой,,,,,
Отдых и уход за собой,,,,,
,,,,,
Финансовая стабильность и рост,,,,,
Финансовая стабильность и рост,,,,,
Отдых и уход за собой,,,,,
Отдых и уход за собой,,,,,
Отдых и уход за собой,,,,,
,,,,,
Здоровье,,,,,
,,,,,
Отдых и уход за собой,,,,,
Отдых и уход за собой,,,,,
Отдых и уход за собой,,,,,
Отдых и уход за собой,,,,,
,,,,,
,,,,,
Отдых и уход за собой,,,,,
Отдых и уход за собой,,,,,
Финансовая стабильность и рост,,,,,
Отдых и уход за собой,,,,,
Финансовая стабильность и рост,,,,,
,,,,,
Финансовая стабильность и рост,,,,,
Финансовая стабильность и рост,,,,,
,,,,,
Финансовая стабильность и рост,,,,,
,,,,,
Здоровье,,,,,
,,,,,
Отдых и уход за собой,,,,,
Отдых и уход за собой,,,,,
Отдых и уход за собой,,,,,
Отдых и уход за собой,,,,,
,,,,,
Отдых и уход за собой,,,,,
,,,,,
Отдых и уход за собой,,,,,
Отдых и уход за собой,,,,,
Финансовая стабильность и рост,,,,,
,,,,,
Отдых и уход за собой,,,,,
,,,,,
Отдых и уход за собой,,,,,
Финансовая стабильность и рост,,,,,
,,,,,
Финансовая стабильность и рост,,,,,
Отдых и уход за собой,,,,,
Отдых и уход за собой,,,,,
Отдых и уход за собой,,,,,
Отдых и уход за собой,,,,,
,,,,,
Отдых и уход за собой,,,,,
,,,,,
,,,,,
,,,,,
,,,,,
,,,,,
Отдых и уход за собой,,,,,
Отдых и уход за собой,,,,,
Отдых и уход за собой,,,,,
Отдых и уход за собой,,,,,
,,,,,
,,,,,
Здоровье,,,,,
Отдых и уход за собой,,,,,
Отдых и уход за собой,,,,,
Отдых и уход за собой,,,,,
Отдых и уход за собой,,,,,
,,,,,
,,,,,
,,,,,
Здоровье,,,,,
,,,,,
Отдых и уход за собой,,,,,
Отдых и уход за собой,,,,,
Отдых и уход за собой,,,,,
,,,,,
,,,,,
Отдых и уход за собой,,,,,
Отдых и уход за собой,,,,,
,,,,,
Отдых и уход за собой,,,,,
Отдых и уход за собой,,,,,
Отдых и уход за собой,,,,,
Финансовая стабильность и рост,,,,,
Отдых и уход за собой,,,,,
Отдых и уход за собой,,,,,
Отдых и уход за собой,,,,,
,,,,,
,,,,,
,,,,,
Здоровье,,,,,
,,,,,
Отдых и уход за собой,,,,,
,,,,,
Отдых и уход за собой,,,,,
Отдых и уход за собой,,,,,
Отдых и уход за собой,,,,,
Отдых и уход за собой,,,,,
Отдых и уход за собой,,,,,
Финансовая стабильность и рост,,,,,
Отдых и уход за собой,,,,,
,,,,,
Отдых и уход за собой,,,,,
Отдых и уход за собой,,,,,
,,,,,
,,,,,
,,,,,
Отдых и уход за собой,,,,,
,,,,,
Финансовая стабильность и рост,,,,,
Отдых и уход за собой,,,,,
,,,,,
Отдых и уход за собой,,,,,
,,,,,
,,,,,
Отдых и уход за собой,,,,,
Отдых и уход за собой,,,,,
Финансовая стабильность и рост,,,,,
Финансовая стабильность и рост,,,,,
Отдых и уход за собой,,,,,
,,,,,
,,,,,
Мощное творчество,,,,,
,,,,,
Отдых и уход за собой,,,,,
,,,,,
Отдых и уход за собой,,,,,
,,,,,
,,,,,
Здоровье,,,,,
,,,,,
,,,,,
Здоровье,,,,,
